id,subject_name,topic,teachers,classroom_no
73,sub73,topic73,teacher73,73
74,sub74,topic74,teacher74,74
75,sub75,topic75,teacher75,75
76,sub76,topic76,teacher76,76
77,sub77,topic77,teacher77,77
78,sub78,topic78,teacher78,78
79,sub79,topic79,teacher79,79
80,sub80,topic80,teacher80,80
81,sub81,topic81,teacher81,81
82,sub82,topic82,teacher82,82
83,sub83,topic83,teacher83,83
84,sub84,topic84,teacher84,84
85,sub85,topic85,teacher85,85
86,sub86,topic86,teacher86,86
87,sub87,topic87,teacher87,87
88,sub88,topic88,teacher88,88
89,sub89,topic89,teacher89,89
90,sub90,topic90,teacher90,90
91,sub91,topic91,teacher91,91
92,sub92,topic92,teacher92,92
93,sub93,topic93,teacher93,93
94,sub94,topic94,teacher94,94
95,sub95,topic95,teacher95,95
96,sub96,topic96,teacher96,96
97,sub97,topic97,teacher97,97
98,sub98,topic98,teacher98,98
99,sub99,topic99,teacher99,99
100,sub100,topic100,teacher100,100
