"id","subject_name","topic","teachers_name","classroom_no"
1,"sub1","topic1","teacher1",1
2,"sub2","topic2","teacher2",2
3,"sub3","topic3","teacher3",3
4,"sub4","topic4","teacher4",4
5,"sub5","topic5","teacher5",5
6,"sub6","topic6","teacher6",6
7,"sub7","topic7","teacher7",7
8,"sub8","topic8","teacher8",8
9,"sub9","topic9","teacher9",9
10,"sub9","topic9","teacher9",9
11,"sub10","topic10","teacher10",10
12,"sub11","topic11","teacher11",11
13,"sub12","topic12","teacher12",12
14,"sub13","topic13","teacher13",13
15,"sub14","topic14","teacher14",14
16,"sub15","topic15","teacher15",15
17,"sub16","topic16","teacher16",16
18,"sub17","topic17","teacher17",17
19,"sub18","topic18","teacher18",18
20,"sub19","topic19","teacher19",19
21,"sub20","topic20","teacher20",20
22,"sub21","topic21","teacher21",21
23,"sub22","topic22","teacher22",22
24,"sub23","topic23","teacher23",23
25,"sub24","topic24","teacher24",24
26,"sub25","topic25","teacher25",25
27,"sub26","topic26","teacher26",26
28,"sub27","topic27","teacher27",27
29,"sub28","topic28","teacher28",28
30,"sub29","topic29","teacher29",29
31,"sub30","topic30","teacher30",30
32,"sub231","topic31","teacher31",231
33,"sub32","topic32","teacher32",32
34,"sub33","topic33","teacher33",33
35,"sub34","topic34","teacher34",34
36,"sub35","topic35","teacher35",35
37,"sub36","topic36","teacher36",36
38,"sub37","topic37","teacher37",37
39,"sub38","topic38","teacher38",38
40,"sub39","topic39","teacher39",39
41,"sub40","topic40","teacher40",40
42,"sub41","topic41","teacher41",41
43,"sub42","topic42","teacher42",42
44,"sub43","topic43","teacher43",43
45,"sub44","topic44","teacher44",44
46,"sub45","topic45","teacher45",45
47,"sub46","topic46","teacher46",46
48,"sub47","topic47","teacher47",47
49,"sub48","topic48","teacher48",48
50,"sub49","topic49","teacher49",49
51,"sub50","topic50","teacher50",50
52,"sub51","topic51","teacher52",52
53,"sub53","topic53","teacher53",53
54,"sub54","topic54","teacher54",54
55,"sub55","topic55","teacher55",55
56,"sub56","topic56","teacher56",56
57,"sub57","topic57","teacher57",57
58,"sub58","topic58","teacher58",58
59,"sub59","topic59","teacher59",59
60,"sub60","topic60","teacher60",60
61,"sub61","topic62","teacher62",62
62,"sub63","topic63","teacher63",63
63,"sub64","topic64","teacher64",64
64,"sub65","topic65","teacher65",65
65,"sub66","topic66","teacher66",66
66,"sub67","topic67","teacher67",67
67,"sub68","topic68","teacher68",68
68,"sub69","topic69","teacher69",69
69,"sub70","topic70","teacher70",70
70,"sub71","topic71","teacher71",71
71,"sub72","topic72","teacher72",72
72,"sub72","topic72","teacher72",72
73,"sub73","topic73","teacher73",73
74,"sub74","topic74","teacher74",74
75,"sub75","topic75","teacher75",75
76,"sub76","topic76","teacher76",76
77,"sub77","topic77","teacher77",77
78,"sub78","topic78","teacher78",78
79,"sub79","topic79","teacher79",79
80,"sub80","topic80","teacher80",80
81,"sub81","topic81","teacher81",81
82,"sub82","topic82","teacher82",82
83,"sub83","topic83","teacher83",83
84,"sub84","topic84","teacher84",84
85,"sub85","topic85","teacher85",85
86,"sub86","topic86","teacher86",86
87,"sub87","topic87","teacher87",87
88,"sub88","topic88","teacher88",88
89,"sub89","topic89","teacher89",89
90,"sub90","topic90","teacher90",90
91,"sub91","topic91","teacher91",91
92,"sub92","topic92","teacher92",92
93,"sub93","topic93","teacher93",93
94,"sub94","topic94","teacher94",94
95,"sub95","topic95","teacher95",95
96,"sub96","topic96","teacher96",96
97,"sub97","topic97","teacher97",97
98,"sub98","topic98","teacher98",98
99,"sub99","topic99","teacher99",99
100,"sub100","topic100","teacher100",100
